N,thr_ns3,p_coll_ns3
1,29.924949999999995,3.1481139999999987e-06
2,30.2403,0.10954325
3,29.88545,0.17352760000000006
4,29.514390000000002,0.2211515
5,29.1474,0.2577218
6,28.774269999999994,0.28395760000000003
7,28.46165,0.3057911
8,28.430433333333337,0.3069871111111111
9,27.93797999999999,0.33976549999999994
10,27.77429,0.3469996999999999
