,N,cw_min,cw_max,p_coll_wifi_nr
0,1,15,1023,0.0
1,2,15,1023,0.11705921428571431
2,3,15,1023,0.18990535714285714
3,4,15,1023,0.2396497142857143
4,5,15,1023,0.2763602142857143
5,6,15,1023,0.30477871428571424
6,7,15,1023,0.3280475714285714
7,8,15,1023,0.3471793571428572
8,9,15,1023,0.36459328571428573
9,10,15,1023,0.3797352142857143
